{"_wandb":{"runtime":375},"_timestamp":1.7314345374974895e+09,"_runtime":372.691547166,"Average Train IOU":0.16082543283700942,"Average Train Loss":4098.120263671875,"Train Loss":6526.49462890625,"Average Validation Loss":1991.9868774414062,"_step":143,"Average Validation IOU":0.27120257914066315}