{"Average Train IOU":0,"Average Validation IOU":0.0006460118456743658,"_step":16,"Train Loss":1.234365875e+06,"Average Validation Loss":184931.3125,"Average Train Loss":1.16217635e+06,"_wandb":{"runtime":45},"_timestamp":1.7314341119223976e+09,"_runtime":42.797656449}