{"_runtime":3.551769046,"_step":16,"_wandb":{"runtime":3},"Train Loss":0,"_timestamp":1.7314329360180707e+09}