{"Average Validation IOU":0.2917411863803864,"_timestamp":1.7314340393766057e+09,"_runtime":378.659033749,"Train Loss":3737.2080078125,"_wandb":{"runtime":378},"Average Validation Loss":2449.1122924804686,"Average Train IOU":0.14824341631987514,"_step":525,"Average Train Loss":4859.748894186581}